GF2_PMS2_E116.0_N39.1_20170302_L1A0002214760-MSS2_0.png,0,0,512,512
GF2_PMS2_E116.0_N39.1_20170302_L1A0002214760-MSS2_1.png,0,256,512,768
GF2_PMS2_E116.0_N39.1_20170302_L1A0002214760-MSS2_2.png,0,512,512,1024
GF2_PMS2_E116.0_N39.1_20170302_L1A0002214760-MSS2_3.png,0,768,512,1280
GF2_PMS2_E116.0_N39.1_20170302_L1A0002214760-MSS2_4.png,0,1024,512,1536
GF2_PMS2_E116.0_N39.1_20170302_L1A0002214760-MSS2_5.png,0,1280,512,1792
GF2_PMS2_E116.0_N39.1_20170302_L1A0002214760-MSS2_6.png,0,1536,512,2048
GF2_PMS2_E116.0_N39.1_20170302_L1A0002214760-MSS2_7.png,0,1792,512,2304
GF2_PMS2_E116.0_N39.1_20170302_L1A0002214760-MSS2_8.png,0,2048,512,2560
GF2_PMS2_E116.0_N39.1_20170302_L1A0002214760-MSS2_9.png,0,2304,512,2816
GF2_PMS2_E116.0_N39.1_20170302_L1A0002214760-MSS2_10.png,0,2560,512,3072
GF2_PMS2_E116.0_N39.1_20170302_L1A0002214760-MSS2_11.png,0,2816,512,3328
GF2_PMS2_E116.0_N39.1_20170302_L1A0002214760-MSS2_12.png,0,3072,512,3584
GF2_PMS2_E116.0_N39.1_20170302_L1A0002214760-MSS2_13.png,0,3328,512,3840
GF2_PMS2_E116.0_N39.1_20170302_L1A0002214760-MSS2_14.png,0,3584,512,4096
GF2_PMS2_E116.0_N39.1_20170302_L1A0002214760-MSS2_15.png,0,3840,512,4352
GF2_PMS2_E116.0_N39.1_20170302_L1A0002214760-MSS2_16.png,0,4096,512,4608
GF2_PMS2_E116.0_N39.1_20170302_L1A0002214760-MSS2_17.png,0,4352,512,4864
GF2_PMS2_E116.0_N39.1_20170302_L1A0002214760-MSS2_18.png,0,4608,512,5120
GF2_PMS2_E116.0_N39.1_20170302_L1A0002214760-MSS2_19.png,0,4864,512,5376
GF2_PMS2_E116.0_N39.1_20170302_L1A0002214760-MSS2_20.png,0,5120,512,5632
GF2_PMS2_E116.0_N39.1_20170302_L1A0002214760-MSS2_21.png,0,5376,512,5888
GF2_PMS2_E116.0_N39.1_20170302_L1A0002214760-MSS2_22.png,0,5632,512,6144
GF2_PMS2_E116.0_N39.1_20170302_L1A0002214760-MSS2_23.png,0,5888,512,6400
GF2_PMS2_E116.0_N39.1_20170302_L1A0002214760-MSS2_24.png,0,6144,512,6656
GF2_PMS2_E116.0_N39.1_20170302_L1A0002214760-MSS2_25.png,0,6400,512,6912
GF2_PMS2_E116.0_N39.1_20170302_L1A0002214760-MSS2_26.png,0,6656,512,7168
GF2_PMS2_E116.0_N39.1_20170302_L1A0002214760-MSS2_27.png,0,6912,512,7424
GF2_PMS2_E116.0_N39.1_20170302_L1A0002214760-MSS2_28.png,256,0,768,512
GF2_PMS2_E116.0_N39.1_20170302_L1A0002214760-MSS2_29.png,256,256,768,768
GF2_PMS2_E116.0_N39.1_20170302_L1A0002214760-MSS2_30.png,256,512,768,1024
GF2_PMS2_E116.0_N39.1_20170302_L1A0002214760-MSS2_31.png,256,768,768,1280
GF2_PMS2_E116.0_N39.1_20170302_L1A0002214760-MSS2_32.png,256,1024,768,1536
GF2_PMS2_E116.0_N39.1_20170302_L1A0002214760-MSS2_33.png,256,1280,768,1792
GF2_PMS2_E116.0_N39.1_20170302_L1A0002214760-MSS2_34.png,256,1536,768,2048
GF2_PMS2_E116.0_N39.1_20170302_L1A0002214760-MSS2_35.png,256,1792,768,2304
GF2_PMS2_E116.0_N39.1_20170302_L1A0002214760-MSS2_36.png,256,2048,768,2560
GF2_PMS2_E116.0_N39.1_20170302_L1A0002214760-MSS2_37.png,256,2304,768,2816
GF2_PMS2_E116.0_N39.1_20170302_L1A0002214760-MSS2_38.png,256,2560,768,3072
GF2_PMS2_E116.0_N39.1_20170302_L1A0002214760-MSS2_39.png,256,2816,768,3328
GF2_PMS2_E116.0_N39.1_20170302_L1A0002214760-MSS2_40.png,256,3072,768,3584
GF2_PMS2_E116.0_N39.1_20170302_L1A0002214760-MSS2_41.png,256,3328,768,3840
GF2_PMS2_E116.0_N39.1_20170302_L1A0002214760-MSS2_42.png,256,3584,768,4096
GF2_PMS2_E116.0_N39.1_20170302_L1A0002214760-MSS2_43.png,256,3840,768,4352
GF2_PMS2_E116.0_N39.1_20170302_L1A0002214760-MSS2_44.png,256,4096,768,4608
GF2_PMS2_E116.0_N39.1_20170302_L1A0002214760-MSS2_45.png,256,4352,768,4864
GF2_PMS2_E116.0_N39.1_20170302_L1A0002214760-MSS2_46.png,256,4608,768,5120
GF2_PMS2_E116.0_N39.1_20170302_L1A0002214760-MSS2_47.png,256,4864,768,5376
GF2_PMS2_E116.0_N39.1_20170302_L1A0002214760-MSS2_48.png,256,5120,768,5632
GF2_PMS2_E116.0_N39.1_20170302_L1A0002214760-MSS2_49.png,256,5376,768,5888
GF2_PMS2_E116.0_N39.1_20170302_L1A0002214760-MSS2_50.png,256,5632,768,6144
GF2_PMS2_E116.0_N39.1_20170302_L1A0002214760-MSS2_51.png,256,5888,768,6400
GF2_PMS2_E116.0_N39.1_20170302_L1A0002214760-MSS2_52.png,256,6144,768,6656
GF2_PMS2_E116.0_N39.1_20170302_L1A0002214760-MSS2_53.png,256,6400,768,6912
GF2_PMS2_E116.0_N39.1_20170302_L1A0002214760-MSS2_54.png,256,6656,768,7168
GF2_PMS2_E116.0_N39.1_20170302_L1A0002214760-MSS2_55.png,256,6912,768,7424
GF2_PMS2_E116.0_N39.1_20170302_L1A0002214760-MSS2_56.png,512,0,1024,512
GF2_PMS2_E116.0_N39.1_20170302_L1A0002214760-MSS2_57.png,512,256,1024,768
GF2_PMS2_E116.0_N39.1_20170302_L1A0002214760-MSS2_58.png,512,512,1024,1024
GF2_PMS2_E116.0_N39.1_20170302_L1A0002214760-MSS2_59.png,512,768,1024,1280
GF2_PMS2_E116.0_N39.1_20170302_L1A0002214760-MSS2_60.png,512,1024,1024,1536
GF2_PMS2_E116.0_N39.1_20170302_L1A0002214760-MSS2_61.png,512,1280,1024,1792
GF2_PMS2_E116.0_N39.1_20170302_L1A0002214760-MSS2_62.png,512,1536,1024,2048
GF2_PMS2_E116.0_N39.1_20170302_L1A0002214760-MSS2_63.png,512,1792,1024,2304
GF2_PMS2_E116.0_N39.1_20170302_L1A0002214760-MSS2_64.png,512,2048,1024,2560
GF2_PMS2_E116.0_N39.1_20170302_L1A0002214760-MSS2_65.png,512,2304,1024,2816
GF2_PMS2_E116.0_N39.1_20170302_L1A0002214760-MSS2_66.png,512,2560,1024,3072
GF2_PMS2_E116.0_N39.1_20170302_L1A0002214760-MSS2_67.png,512,2816,1024,3328
GF2_PMS2_E116.0_N39.1_20170302_L1A0002214760-MSS2_68.png,512,3072,1024,3584
GF2_PMS2_E116.0_N39.1_20170302_L1A0002214760-MSS2_69.png,512,3328,1024,3840
GF2_PMS2_E116.0_N39.1_20170302_L1A0002214760-MSS2_70.png,512,3584,1024,4096
GF2_PMS2_E116.0_N39.1_20170302_L1A0002214760-MSS2_71.png,512,3840,1024,4352
GF2_PMS2_E116.0_N39.1_20170302_L1A0002214760-MSS2_72.png,512,4096,1024,4608
GF2_PMS2_E116.0_N39.1_20170302_L1A0002214760-MSS2_73.png,512,4352,1024,4864
GF2_PMS2_E116.0_N39.1_20170302_L1A0002214760-MSS2_74.png,512,4608,1024,5120
GF2_PMS2_E116.0_N39.1_20170302_L1A0002214760-MSS2_75.png,512,4864,1024,5376
GF2_PMS2_E116.0_N39.1_20170302_L1A0002214760-MSS2_76.png,512,5120,1024,5632
GF2_PMS2_E116.0_N39.1_20170302_L1A0002214760-MSS2_77.png,512,5376,1024,5888
GF2_PMS2_E116.0_N39.1_20170302_L1A0002214760-MSS2_78.png,512,5632,1024,6144
GF2_PMS2_E116.0_N39.1_20170302_L1A0002214760-MSS2_79.png,512,5888,1024,6400
GF2_PMS2_E116.0_N39.1_20170302_L1A0002214760-MSS2_80.png,512,6144,1024,6656
GF2_PMS2_E116.0_N39.1_20170302_L1A0002214760-MSS2_81.png,512,6400,1024,6912
GF2_PMS2_E116.0_N39.1_20170302_L1A0002214760-MSS2_82.png,512,6656,1024,7168
GF2_PMS2_E116.0_N39.1_20170302_L1A0002214760-MSS2_83.png,512,6912,1024,7424
GF2_PMS2_E116.0_N39.1_20170302_L1A0002214760-MSS2_84.png,768,0,1280,512
GF2_PMS2_E116.0_N39.1_20170302_L1A0002214760-MSS2_85.png,768,256,1280,768
GF2_PMS2_E116.0_N39.1_20170302_L1A0002214760-MSS2_86.png,768,512,1280,1024
GF2_PMS2_E116.0_N39.1_20170302_L1A0002214760-MSS2_87.png,768,768,1280,1280
GF2_PMS2_E116.0_N39.1_20170302_L1A0002214760-MSS2_88.png,768,1024,1280,1536
GF2_PMS2_E116.0_N39.1_20170302_L1A0002214760-MSS2_89.png,768,1280,1280,1792
GF2_PMS2_E116.0_N39.1_20170302_L1A0002214760-MSS2_90.png,768,1536,1280,2048
GF2_PMS2_E116.0_N39.1_20170302_L1A0002214760-MSS2_91.png,768,1792,1280,2304
GF2_PMS2_E116.0_N39.1_20170302_L1A0002214760-MSS2_92.png,768,2048,1280,2560
GF2_PMS2_E116.0_N39.1_20170302_L1A0002214760-MSS2_93.png,768,2304,1280,2816
GF2_PMS2_E116.0_N39.1_20170302_L1A0002214760-MSS2_94.png,768,2560,1280,3072
GF2_PMS2_E116.0_N39.1_20170302_L1A0002214760-MSS2_95.png,768,2816,1280,3328
GF2_PMS2_E116.0_N39.1_20170302_L1A0002214760-MSS2_96.png,768,3072,1280,3584
GF2_PMS2_E116.0_N39.1_20170302_L1A0002214760-MSS2_97.png,768,3328,1280,3840
GF2_PMS2_E116.0_N39.1_20170302_L1A0002214760-MSS2_98.png,768,3584,1280,4096
GF2_PMS2_E116.0_N39.1_20170302_L1A0002214760-MSS2_99.png,768,3840,1280,4352
GF2_PMS2_E116.0_N39.1_20170302_L1A0002214760-MSS2_100.png,768,4096,1280,4608
GF2_PMS2_E116.0_N39.1_20170302_L1A0002214760-MSS2_101.png,768,4352,1280,4864
GF2_PMS2_E116.0_N39.1_20170302_L1A0002214760-MSS2_102.png,768,4608,1280,5120
GF2_PMS2_E116.0_N39.1_20170302_L1A0002214760-MSS2_103.png,768,4864,1280,5376
GF2_PMS2_E116.0_N39.1_20170302_L1A0002214760-MSS2_104.png,768,5120,1280,5632
GF2_PMS2_E116.0_N39.1_20170302_L1A0002214760-MSS2_105.png,768,5376,1280,5888
GF2_PMS2_E116.0_N39.1_20170302_L1A0002214760-MSS2_106.png,768,5632,1280,6144
GF2_PMS2_E116.0_N39.1_20170302_L1A0002214760-MSS2_107.png,768,5888,1280,6400
GF2_PMS2_E116.0_N39.1_20170302_L1A0002214760-MSS2_108.png,768,6144,1280,6656
GF2_PMS2_E116.0_N39.1_20170302_L1A0002214760-MSS2_109.png,768,6400,1280,6912
GF2_PMS2_E116.0_N39.1_20170302_L1A0002214760-MSS2_110.png,768,6656,1280,7168
GF2_PMS2_E116.0_N39.1_20170302_L1A0002214760-MSS2_111.png,768,6912,1280,7424
GF2_PMS2_E116.0_N39.1_20170302_L1A0002214760-MSS2_112.png,1024,0,1536,512
GF2_PMS2_E116.0_N39.1_20170302_L1A0002214760-MSS2_113.png,1024,256,1536,768
GF2_PMS2_E116.0_N39.1_20170302_L1A0002214760-MSS2_114.png,1024,512,1536,1024
GF2_PMS2_E116.0_N39.1_20170302_L1A0002214760-MSS2_115.png,1024,768,1536,1280
GF2_PMS2_E116.0_N39.1_20170302_L1A0002214760-MSS2_116.png,1024,1024,1536,1536
GF2_PMS2_E116.0_N39.1_20170302_L1A0002214760-MSS2_117.png,1024,1280,1536,1792
GF2_PMS2_E116.0_N39.1_20170302_L1A0002214760-MSS2_118.png,1024,1536,1536,2048
GF2_PMS2_E116.0_N39.1_20170302_L1A0002214760-MSS2_119.png,1024,1792,1536,2304
GF2_PMS2_E116.0_N39.1_20170302_L1A0002214760-MSS2_120.png,1024,2048,1536,2560
GF2_PMS2_E116.0_N39.1_20170302_L1A0002214760-MSS2_121.png,1024,2304,1536,2816
GF2_PMS2_E116.0_N39.1_20170302_L1A0002214760-MSS2_122.png,1024,2560,1536,3072
GF2_PMS2_E116.0_N39.1_20170302_L1A0002214760-MSS2_123.png,1024,2816,1536,3328
GF2_PMS2_E116.0_N39.1_20170302_L1A0002214760-MSS2_124.png,1024,3072,1536,3584
GF2_PMS2_E116.0_N39.1_20170302_L1A0002214760-MSS2_125.png,1024,3328,1536,3840
GF2_PMS2_E116.0_N39.1_20170302_L1A0002214760-MSS2_126.png,1024,3584,1536,4096
GF2_PMS2_E116.0_N39.1_20170302_L1A0002214760-MSS2_127.png,1024,3840,1536,4352
GF2_PMS2_E116.0_N39.1_20170302_L1A0002214760-MSS2_128.png,1024,4096,1536,4608
GF2_PMS2_E116.0_N39.1_20170302_L1A0002214760-MSS2_129.png,1024,4352,1536,4864
GF2_PMS2_E116.0_N39.1_20170302_L1A0002214760-MSS2_130.png,1024,4608,1536,5120
GF2_PMS2_E116.0_N39.1_20170302_L1A0002214760-MSS2_131.png,1024,4864,1536,5376
GF2_PMS2_E116.0_N39.1_20170302_L1A0002214760-MSS2_132.png,1024,5120,1536,5632
GF2_PMS2_E116.0_N39.1_20170302_L1A0002214760-MSS2_133.png,1024,5376,1536,5888
GF2_PMS2_E116.0_N39.1_20170302_L1A0002214760-MSS2_134.png,1024,5632,1536,6144
GF2_PMS2_E116.0_N39.1_20170302_L1A0002214760-MSS2_135.png,1024,5888,1536,6400
GF2_PMS2_E116.0_N39.1_20170302_L1A0002214760-MSS2_136.png,1024,6144,1536,6656
GF2_PMS2_E116.0_N39.1_20170302_L1A0002214760-MSS2_137.png,1024,6400,1536,6912
GF2_PMS2_E116.0_N39.1_20170302_L1A0002214760-MSS2_138.png,1024,6656,1536,7168
GF2_PMS2_E116.0_N39.1_20170302_L1A0002214760-MSS2_139.png,1024,6912,1536,7424
GF2_PMS2_E116.0_N39.1_20170302_L1A0002214760-MSS2_140.png,1280,0,1792,512
GF2_PMS2_E116.0_N39.1_20170302_L1A0002214760-MSS2_141.png,1280,256,1792,768
GF2_PMS2_E116.0_N39.1_20170302_L1A0002214760-MSS2_142.png,1280,512,1792,1024
GF2_PMS2_E116.0_N39.1_20170302_L1A0002214760-MSS2_143.png,1280,768,1792,1280
GF2_PMS2_E116.0_N39.1_20170302_L1A0002214760-MSS2_144.png,1280,1024,1792,1536
GF2_PMS2_E116.0_N39.1_20170302_L1A0002214760-MSS2_145.png,1280,1280,1792,1792
GF2_PMS2_E116.0_N39.1_20170302_L1A0002214760-MSS2_146.png,1280,1536,1792,2048
GF2_PMS2_E116.0_N39.1_20170302_L1A0002214760-MSS2_147.png,1280,1792,1792,2304
GF2_PMS2_E116.0_N39.1_20170302_L1A0002214760-MSS2_148.png,1280,2048,1792,2560
GF2_PMS2_E116.0_N39.1_20170302_L1A0002214760-MSS2_149.png,1280,2304,1792,2816
GF2_PMS2_E116.0_N39.1_20170302_L1A0002214760-MSS2_150.png,1280,2560,1792,3072
GF2_PMS2_E116.0_N39.1_20170302_L1A0002214760-MSS2_151.png,1280,2816,1792,3328
GF2_PMS2_E116.0_N39.1_20170302_L1A0002214760-MSS2_152.png,1280,3072,1792,3584
GF2_PMS2_E116.0_N39.1_20170302_L1A0002214760-MSS2_153.png,1280,3328,1792,3840
GF2_PMS2_E116.0_N39.1_20170302_L1A0002214760-MSS2_154.png,1280,3584,1792,4096
GF2_PMS2_E116.0_N39.1_20170302_L1A0002214760-MSS2_155.png,1280,3840,1792,4352
GF2_PMS2_E116.0_N39.1_20170302_L1A0002214760-MSS2_156.png,1280,4096,1792,4608
GF2_PMS2_E116.0_N39.1_20170302_L1A0002214760-MSS2_157.png,1280,4352,1792,4864
GF2_PMS2_E116.0_N39.1_20170302_L1A0002214760-MSS2_158.png,1280,4608,1792,5120
GF2_PMS2_E116.0_N39.1_20170302_L1A0002214760-MSS2_159.png,1280,4864,1792,5376
GF2_PMS2_E116.0_N39.1_20170302_L1A0002214760-MSS2_160.png,1280,5120,1792,5632
GF2_PMS2_E116.0_N39.1_20170302_L1A0002214760-MSS2_161.png,1280,5376,1792,5888
GF2_PMS2_E116.0_N39.1_20170302_L1A0002214760-MSS2_162.png,1280,5632,1792,6144
GF2_PMS2_E116.0_N39.1_20170302_L1A0002214760-MSS2_163.png,1280,5888,1792,6400
GF2_PMS2_E116.0_N39.1_20170302_L1A0002214760-MSS2_164.png,1280,6144,1792,6656
GF2_PMS2_E116.0_N39.1_20170302_L1A0002214760-MSS2_165.png,1280,6400,1792,6912
GF2_PMS2_E116.0_N39.1_20170302_L1A0002214760-MSS2_166.png,1280,6656,1792,7168
GF2_PMS2_E116.0_N39.1_20170302_L1A0002214760-MSS2_167.png,1280,6912,1792,7424
GF2_PMS2_E116.0_N39.1_20170302_L1A0002214760-MSS2_168.png,1536,0,2048,512
GF2_PMS2_E116.0_N39.1_20170302_L1A0002214760-MSS2_169.png,1536,256,2048,768
GF2_PMS2_E116.0_N39.1_20170302_L1A0002214760-MSS2_170.png,1536,512,2048,1024
GF2_PMS2_E116.0_N39.1_20170302_L1A0002214760-MSS2_171.png,1536,768,2048,1280
GF2_PMS2_E116.0_N39.1_20170302_L1A0002214760-MSS2_172.png,1536,1024,2048,1536
GF2_PMS2_E116.0_N39.1_20170302_L1A0002214760-MSS2_173.png,1536,1280,2048,1792
GF2_PMS2_E116.0_N39.1_20170302_L1A0002214760-MSS2_174.png,1536,1536,2048,2048
GF2_PMS2_E116.0_N39.1_20170302_L1A0002214760-MSS2_175.png,1536,1792,2048,2304
GF2_PMS2_E116.0_N39.1_20170302_L1A0002214760-MSS2_176.png,1536,2048,2048,2560
GF2_PMS2_E116.0_N39.1_20170302_L1A0002214760-MSS2_177.png,1536,2304,2048,2816
GF2_PMS2_E116.0_N39.1_20170302_L1A0002214760-MSS2_178.png,1536,2560,2048,3072
GF2_PMS2_E116.0_N39.1_20170302_L1A0002214760-MSS2_179.png,1536,2816,2048,3328
GF2_PMS2_E116.0_N39.1_20170302_L1A0002214760-MSS2_180.png,1536,3072,2048,3584
GF2_PMS2_E116.0_N39.1_20170302_L1A0002214760-MSS2_181.png,1536,3328,2048,3840
GF2_PMS2_E116.0_N39.1_20170302_L1A0002214760-MSS2_182.png,1536,3584,2048,4096
GF2_PMS2_E116.0_N39.1_20170302_L1A0002214760-MSS2_183.png,1536,3840,2048,4352
GF2_PMS2_E116.0_N39.1_20170302_L1A0002214760-MSS2_184.png,1536,4096,2048,4608
GF2_PMS2_E116.0_N39.1_20170302_L1A0002214760-MSS2_185.png,1536,4352,2048,4864
GF2_PMS2_E116.0_N39.1_20170302_L1A0002214760-MSS2_186.png,1536,4608,2048,5120
GF2_PMS2_E116.0_N39.1_20170302_L1A0002214760-MSS2_187.png,1536,4864,2048,5376
GF2_PMS2_E116.0_N39.1_20170302_L1A0002214760-MSS2_188.png,1536,5120,2048,5632
GF2_PMS2_E116.0_N39.1_20170302_L1A0002214760-MSS2_189.png,1536,5376,2048,5888
GF2_PMS2_E116.0_N39.1_20170302_L1A0002214760-MSS2_190.png,1536,5632,2048,6144
GF2_PMS2_E116.0_N39.1_20170302_L1A0002214760-MSS2_191.png,1536,5888,2048,6400
GF2_PMS2_E116.0_N39.1_20170302_L1A0002214760-MSS2_192.png,1536,6144,2048,6656
GF2_PMS2_E116.0_N39.1_20170302_L1A0002214760-MSS2_193.png,1536,6400,2048,6912
GF2_PMS2_E116.0_N39.1_20170302_L1A0002214760-MSS2_194.png,1536,6656,2048,7168
GF2_PMS2_E116.0_N39.1_20170302_L1A0002214760-MSS2_195.png,1536,6912,2048,7424
GF2_PMS2_E116.0_N39.1_20170302_L1A0002214760-MSS2_196.png,1792,0,2304,512
GF2_PMS2_E116.0_N39.1_20170302_L1A0002214760-MSS2_197.png,1792,256,2304,768
GF2_PMS2_E116.0_N39.1_20170302_L1A0002214760-MSS2_198.png,1792,512,2304,1024
GF2_PMS2_E116.0_N39.1_20170302_L1A0002214760-MSS2_199.png,1792,768,2304,1280
GF2_PMS2_E116.0_N39.1_20170302_L1A0002214760-MSS2_200.png,1792,1024,2304,1536
GF2_PMS2_E116.0_N39.1_20170302_L1A0002214760-MSS2_201.png,1792,1280,2304,1792
GF2_PMS2_E116.0_N39.1_20170302_L1A0002214760-MSS2_202.png,1792,1536,2304,2048
GF2_PMS2_E116.0_N39.1_20170302_L1A0002214760-MSS2_203.png,1792,1792,2304,2304
GF2_PMS2_E116.0_N39.1_20170302_L1A0002214760-MSS2_204.png,1792,2048,2304,2560
GF2_PMS2_E116.0_N39.1_20170302_L1A0002214760-MSS2_205.png,1792,2304,2304,2816
GF2_PMS2_E116.0_N39.1_20170302_L1A0002214760-MSS2_206.png,1792,2560,2304,3072
GF2_PMS2_E116.0_N39.1_20170302_L1A0002214760-MSS2_207.png,1792,2816,2304,3328
GF2_PMS2_E116.0_N39.1_20170302_L1A0002214760-MSS2_208.png,1792,3072,2304,3584
GF2_PMS2_E116.0_N39.1_20170302_L1A0002214760-MSS2_209.png,1792,3328,2304,3840
GF2_PMS2_E116.0_N39.1_20170302_L1A0002214760-MSS2_210.png,1792,3584,2304,4096
GF2_PMS2_E116.0_N39.1_20170302_L1A0002214760-MSS2_211.png,1792,3840,2304,4352
GF2_PMS2_E116.0_N39.1_20170302_L1A0002214760-MSS2_212.png,1792,4096,2304,4608
GF2_PMS2_E116.0_N39.1_20170302_L1A0002214760-MSS2_213.png,1792,4352,2304,4864
GF2_PMS2_E116.0_N39.1_20170302_L1A0002214760-MSS2_214.png,1792,4608,2304,5120
GF2_PMS2_E116.0_N39.1_20170302_L1A0002214760-MSS2_215.png,1792,4864,2304,5376
GF2_PMS2_E116.0_N39.1_20170302_L1A0002214760-MSS2_216.png,1792,5120,2304,5632
GF2_PMS2_E116.0_N39.1_20170302_L1A0002214760-MSS2_217.png,1792,5376,2304,5888
GF2_PMS2_E116.0_N39.1_20170302_L1A0002214760-MSS2_218.png,1792,5632,2304,6144
GF2_PMS2_E116.0_N39.1_20170302_L1A0002214760-MSS2_219.png,1792,5888,2304,6400
GF2_PMS2_E116.0_N39.1_20170302_L1A0002214760-MSS2_220.png,1792,6144,2304,6656
GF2_PMS2_E116.0_N39.1_20170302_L1A0002214760-MSS2_221.png,1792,6400,2304,6912
GF2_PMS2_E116.0_N39.1_20170302_L1A0002214760-MSS2_222.png,1792,6656,2304,7168
GF2_PMS2_E116.0_N39.1_20170302_L1A0002214760-MSS2_223.png,1792,6912,2304,7424
GF2_PMS2_E116.0_N39.1_20170302_L1A0002214760-MSS2_224.png,2048,0,2560,512
GF2_PMS2_E116.0_N39.1_20170302_L1A0002214760-MSS2_225.png,2048,256,2560,768
GF2_PMS2_E116.0_N39.1_20170302_L1A0002214760-MSS2_226.png,2048,512,2560,1024
GF2_PMS2_E116.0_N39.1_20170302_L1A0002214760-MSS2_227.png,2048,768,2560,1280
GF2_PMS2_E116.0_N39.1_20170302_L1A0002214760-MSS2_228.png,2048,1024,2560,1536
GF2_PMS2_E116.0_N39.1_20170302_L1A0002214760-MSS2_229.png,2048,1280,2560,1792
GF2_PMS2_E116.0_N39.1_20170302_L1A0002214760-MSS2_230.png,2048,1536,2560,2048
GF2_PMS2_E116.0_N39.1_20170302_L1A0002214760-MSS2_231.png,2048,1792,2560,2304
GF2_PMS2_E116.0_N39.1_20170302_L1A0002214760-MSS2_232.png,2048,2048,2560,2560
GF2_PMS2_E116.0_N39.1_20170302_L1A0002214760-MSS2_233.png,2048,2304,2560,2816
GF2_PMS2_E116.0_N39.1_20170302_L1A0002214760-MSS2_234.png,2048,2560,2560,3072
GF2_PMS2_E116.0_N39.1_20170302_L1A0002214760-MSS2_235.png,2048,2816,2560,3328
GF2_PMS2_E116.0_N39.1_20170302_L1A0002214760-MSS2_236.png,2048,3072,2560,3584
GF2_PMS2_E116.0_N39.1_20170302_L1A0002214760-MSS2_237.png,2048,3328,2560,3840
GF2_PMS2_E116.0_N39.1_20170302_L1A0002214760-MSS2_238.png,2048,3584,2560,4096
GF2_PMS2_E116.0_N39.1_20170302_L1A0002214760-MSS2_239.png,2048,3840,2560,4352
GF2_PMS2_E116.0_N39.1_20170302_L1A0002214760-MSS2_240.png,2048,4096,2560,4608
GF2_PMS2_E116.0_N39.1_20170302_L1A0002214760-MSS2_241.png,2048,4352,2560,4864
GF2_PMS2_E116.0_N39.1_20170302_L1A0002214760-MSS2_242.png,2048,4608,2560,5120
GF2_PMS2_E116.0_N39.1_20170302_L1A0002214760-MSS2_243.png,2048,4864,2560,5376
GF2_PMS2_E116.0_N39.1_20170302_L1A0002214760-MSS2_244.png,2048,5120,2560,5632
GF2_PMS2_E116.0_N39.1_20170302_L1A0002214760-MSS2_245.png,2048,5376,2560,5888
GF2_PMS2_E116.0_N39.1_20170302_L1A0002214760-MSS2_246.png,2048,5632,2560,6144
GF2_PMS2_E116.0_N39.1_20170302_L1A0002214760-MSS2_247.png,2048,5888,2560,6400
GF2_PMS2_E116.0_N39.1_20170302_L1A0002214760-MSS2_248.png,2048,6144,2560,6656
GF2_PMS2_E116.0_N39.1_20170302_L1A0002214760-MSS2_249.png,2048,6400,2560,6912
GF2_PMS2_E116.0_N39.1_20170302_L1A0002214760-MSS2_250.png,2048,6656,2560,7168
GF2_PMS2_E116.0_N39.1_20170302_L1A0002214760-MSS2_251.png,2048,6912,2560,7424
GF2_PMS2_E116.0_N39.1_20170302_L1A0002214760-MSS2_252.png,2304,0,2816,512
GF2_PMS2_E116.0_N39.1_20170302_L1A0002214760-MSS2_253.png,2304,256,2816,768
GF2_PMS2_E116.0_N39.1_20170302_L1A0002214760-MSS2_254.png,2304,512,2816,1024
GF2_PMS2_E116.0_N39.1_20170302_L1A0002214760-MSS2_255.png,2304,768,2816,1280
GF2_PMS2_E116.0_N39.1_20170302_L1A0002214760-MSS2_256.png,2304,1024,2816,1536
GF2_PMS2_E116.0_N39.1_20170302_L1A0002214760-MSS2_257.png,2304,1280,2816,1792
GF2_PMS2_E116.0_N39.1_20170302_L1A0002214760-MSS2_258.png,2304,1536,2816,2048
GF2_PMS2_E116.0_N39.1_20170302_L1A0002214760-MSS2_259.png,2304,1792,2816,2304
GF2_PMS2_E116.0_N39.1_20170302_L1A0002214760-MSS2_260.png,2304,2048,2816,2560
GF2_PMS2_E116.0_N39.1_20170302_L1A0002214760-MSS2_261.png,2304,2304,2816,2816
GF2_PMS2_E116.0_N39.1_20170302_L1A0002214760-MSS2_262.png,2304,2560,2816,3072
GF2_PMS2_E116.0_N39.1_20170302_L1A0002214760-MSS2_263.png,2304,2816,2816,3328
GF2_PMS2_E116.0_N39.1_20170302_L1A0002214760-MSS2_264.png,2304,3072,2816,3584
GF2_PMS2_E116.0_N39.1_20170302_L1A0002214760-MSS2_265.png,2304,3328,2816,3840
GF2_PMS2_E116.0_N39.1_20170302_L1A0002214760-MSS2_266.png,2304,3584,2816,4096
GF2_PMS2_E116.0_N39.1_20170302_L1A0002214760-MSS2_267.png,2304,3840,2816,4352
GF2_PMS2_E116.0_N39.1_20170302_L1A0002214760-MSS2_268.png,2304,4096,2816,4608
GF2_PMS2_E116.0_N39.1_20170302_L1A0002214760-MSS2_269.png,2304,4352,2816,4864
GF2_PMS2_E116.0_N39.1_20170302_L1A0002214760-MSS2_270.png,2304,4608,2816,5120
GF2_PMS2_E116.0_N39.1_20170302_L1A0002214760-MSS2_271.png,2304,4864,2816,5376
GF2_PMS2_E116.0_N39.1_20170302_L1A0002214760-MSS2_272.png,2304,5120,2816,5632
GF2_PMS2_E116.0_N39.1_20170302_L1A0002214760-MSS2_273.png,2304,5376,2816,5888
GF2_PMS2_E116.0_N39.1_20170302_L1A0002214760-MSS2_274.png,2304,5632,2816,6144
GF2_PMS2_E116.0_N39.1_20170302_L1A0002214760-MSS2_275.png,2304,5888,2816,6400
GF2_PMS2_E116.0_N39.1_20170302_L1A0002214760-MSS2_276.png,2304,6144,2816,6656
GF2_PMS2_E116.0_N39.1_20170302_L1A0002214760-MSS2_277.png,2304,6400,2816,6912
GF2_PMS2_E116.0_N39.1_20170302_L1A0002214760-MSS2_278.png,2304,6656,2816,7168
GF2_PMS2_E116.0_N39.1_20170302_L1A0002214760-MSS2_279.png,2304,6912,2816,7424
GF2_PMS2_E116.0_N39.1_20170302_L1A0002214760-MSS2_280.png,2560,0,3072,512
GF2_PMS2_E116.0_N39.1_20170302_L1A0002214760-MSS2_281.png,2560,256,3072,768
GF2_PMS2_E116.0_N39.1_20170302_L1A0002214760-MSS2_282.png,2560,512,3072,1024
GF2_PMS2_E116.0_N39.1_20170302_L1A0002214760-MSS2_283.png,2560,768,3072,1280
GF2_PMS2_E116.0_N39.1_20170302_L1A0002214760-MSS2_284.png,2560,1024,3072,1536
GF2_PMS2_E116.0_N39.1_20170302_L1A0002214760-MSS2_285.png,2560,1280,3072,1792
GF2_PMS2_E116.0_N39.1_20170302_L1A0002214760-MSS2_286.png,2560,1536,3072,2048
GF2_PMS2_E116.0_N39.1_20170302_L1A0002214760-MSS2_287.png,2560,1792,3072,2304
GF2_PMS2_E116.0_N39.1_20170302_L1A0002214760-MSS2_288.png,2560,2048,3072,2560
GF2_PMS2_E116.0_N39.1_20170302_L1A0002214760-MSS2_289.png,2560,2304,3072,2816
GF2_PMS2_E116.0_N39.1_20170302_L1A0002214760-MSS2_290.png,2560,2560,3072,3072
GF2_PMS2_E116.0_N39.1_20170302_L1A0002214760-MSS2_291.png,2560,2816,3072,3328
GF2_PMS2_E116.0_N39.1_20170302_L1A0002214760-MSS2_292.png,2560,3072,3072,3584
GF2_PMS2_E116.0_N39.1_20170302_L1A0002214760-MSS2_293.png,2560,3328,3072,3840
GF2_PMS2_E116.0_N39.1_20170302_L1A0002214760-MSS2_294.png,2560,3584,3072,4096
GF2_PMS2_E116.0_N39.1_20170302_L1A0002214760-MSS2_295.png,2560,3840,3072,4352
GF2_PMS2_E116.0_N39.1_20170302_L1A0002214760-MSS2_296.png,2560,4096,3072,4608
GF2_PMS2_E116.0_N39.1_20170302_L1A0002214760-MSS2_297.png,2560,4352,3072,4864
GF2_PMS2_E116.0_N39.1_20170302_L1A0002214760-MSS2_298.png,2560,4608,3072,5120
GF2_PMS2_E116.0_N39.1_20170302_L1A0002214760-MSS2_299.png,2560,4864,3072,5376
GF2_PMS2_E116.0_N39.1_20170302_L1A0002214760-MSS2_300.png,2560,5120,3072,5632
GF2_PMS2_E116.0_N39.1_20170302_L1A0002214760-MSS2_301.png,2560,5376,3072,5888
GF2_PMS2_E116.0_N39.1_20170302_L1A0002214760-MSS2_302.png,2560,5632,3072,6144
GF2_PMS2_E116.0_N39.1_20170302_L1A0002214760-MSS2_303.png,2560,5888,3072,6400
GF2_PMS2_E116.0_N39.1_20170302_L1A0002214760-MSS2_304.png,2560,6144,3072,6656
GF2_PMS2_E116.0_N39.1_20170302_L1A0002214760-MSS2_305.png,2560,6400,3072,6912
GF2_PMS2_E116.0_N39.1_20170302_L1A0002214760-MSS2_306.png,2560,6656,3072,7168
GF2_PMS2_E116.0_N39.1_20170302_L1A0002214760-MSS2_307.png,2560,6912,3072,7424
GF2_PMS2_E116.0_N39.1_20170302_L1A0002214760-MSS2_308.png,2816,0,3328,512
GF2_PMS2_E116.0_N39.1_20170302_L1A0002214760-MSS2_309.png,2816,256,3328,768
GF2_PMS2_E116.0_N39.1_20170302_L1A0002214760-MSS2_310.png,2816,512,3328,1024
GF2_PMS2_E116.0_N39.1_20170302_L1A0002214760-MSS2_311.png,2816,768,3328,1280
GF2_PMS2_E116.0_N39.1_20170302_L1A0002214760-MSS2_312.png,2816,1024,3328,1536
GF2_PMS2_E116.0_N39.1_20170302_L1A0002214760-MSS2_313.png,2816,1280,3328,1792
GF2_PMS2_E116.0_N39.1_20170302_L1A0002214760-MSS2_314.png,2816,1536,3328,2048
GF2_PMS2_E116.0_N39.1_20170302_L1A0002214760-MSS2_315.png,2816,1792,3328,2304
GF2_PMS2_E116.0_N39.1_20170302_L1A0002214760-MSS2_316.png,2816,2048,3328,2560
GF2_PMS2_E116.0_N39.1_20170302_L1A0002214760-MSS2_317.png,2816,2304,3328,2816
GF2_PMS2_E116.0_N39.1_20170302_L1A0002214760-MSS2_318.png,2816,2560,3328,3072
GF2_PMS2_E116.0_N39.1_20170302_L1A0002214760-MSS2_319.png,2816,2816,3328,3328
GF2_PMS2_E116.0_N39.1_20170302_L1A0002214760-MSS2_320.png,2816,3072,3328,3584
GF2_PMS2_E116.0_N39.1_20170302_L1A0002214760-MSS2_321.png,2816,3328,3328,3840
GF2_PMS2_E116.0_N39.1_20170302_L1A0002214760-MSS2_322.png,2816,3584,3328,4096
GF2_PMS2_E116.0_N39.1_20170302_L1A0002214760-MSS2_323.png,2816,3840,3328,4352
GF2_PMS2_E116.0_N39.1_20170302_L1A0002214760-MSS2_324.png,2816,4096,3328,4608
GF2_PMS2_E116.0_N39.1_20170302_L1A0002214760-MSS2_325.png,2816,4352,3328,4864
GF2_PMS2_E116.0_N39.1_20170302_L1A0002214760-MSS2_326.png,2816,4608,3328,5120
GF2_PMS2_E116.0_N39.1_20170302_L1A0002214760-MSS2_327.png,2816,4864,3328,5376
GF2_PMS2_E116.0_N39.1_20170302_L1A0002214760-MSS2_328.png,2816,5120,3328,5632
GF2_PMS2_E116.0_N39.1_20170302_L1A0002214760-MSS2_329.png,2816,5376,3328,5888
GF2_PMS2_E116.0_N39.1_20170302_L1A0002214760-MSS2_330.png,2816,5632,3328,6144
GF2_PMS2_E116.0_N39.1_20170302_L1A0002214760-MSS2_331.png,2816,5888,3328,6400
GF2_PMS2_E116.0_N39.1_20170302_L1A0002214760-MSS2_332.png,2816,6144,3328,6656
GF2_PMS2_E116.0_N39.1_20170302_L1A0002214760-MSS2_333.png,2816,6400,3328,6912
GF2_PMS2_E116.0_N39.1_20170302_L1A0002214760-MSS2_334.png,2816,6656,3328,7168
GF2_PMS2_E116.0_N39.1_20170302_L1A0002214760-MSS2_335.png,2816,6912,3328,7424
GF2_PMS2_E116.0_N39.1_20170302_L1A0002214760-MSS2_336.png,3072,0,3584,512
GF2_PMS2_E116.0_N39.1_20170302_L1A0002214760-MSS2_337.png,3072,256,3584,768
GF2_PMS2_E116.0_N39.1_20170302_L1A0002214760-MSS2_338.png,3072,512,3584,1024
GF2_PMS2_E116.0_N39.1_20170302_L1A0002214760-MSS2_339.png,3072,768,3584,1280
GF2_PMS2_E116.0_N39.1_20170302_L1A0002214760-MSS2_340.png,3072,1024,3584,1536
GF2_PMS2_E116.0_N39.1_20170302_L1A0002214760-MSS2_341.png,3072,1280,3584,1792
GF2_PMS2_E116.0_N39.1_20170302_L1A0002214760-MSS2_342.png,3072,1536,3584,2048
GF2_PMS2_E116.0_N39.1_20170302_L1A0002214760-MSS2_343.png,3072,1792,3584,2304
GF2_PMS2_E116.0_N39.1_20170302_L1A0002214760-MSS2_344.png,3072,2048,3584,2560
GF2_PMS2_E116.0_N39.1_20170302_L1A0002214760-MSS2_345.png,3072,2304,3584,2816
GF2_PMS2_E116.0_N39.1_20170302_L1A0002214760-MSS2_346.png,3072,2560,3584,3072
GF2_PMS2_E116.0_N39.1_20170302_L1A0002214760-MSS2_347.png,3072,2816,3584,3328
GF2_PMS2_E116.0_N39.1_20170302_L1A0002214760-MSS2_348.png,3072,3072,3584,3584
GF2_PMS2_E116.0_N39.1_20170302_L1A0002214760-MSS2_349.png,3072,3328,3584,3840
GF2_PMS2_E116.0_N39.1_20170302_L1A0002214760-MSS2_350.png,3072,3584,3584,4096
GF2_PMS2_E116.0_N39.1_20170302_L1A0002214760-MSS2_351.png,3072,3840,3584,4352
GF2_PMS2_E116.0_N39.1_20170302_L1A0002214760-MSS2_352.png,3072,4096,3584,4608
GF2_PMS2_E116.0_N39.1_20170302_L1A0002214760-MSS2_353.png,3072,4352,3584,4864
GF2_PMS2_E116.0_N39.1_20170302_L1A0002214760-MSS2_354.png,3072,4608,3584,5120
GF2_PMS2_E116.0_N39.1_20170302_L1A0002214760-MSS2_355.png,3072,4864,3584,5376
GF2_PMS2_E116.0_N39.1_20170302_L1A0002214760-MSS2_356.png,3072,5120,3584,5632
GF2_PMS2_E116.0_N39.1_20170302_L1A0002214760-MSS2_357.png,3072,5376,3584,5888
GF2_PMS2_E116.0_N39.1_20170302_L1A0002214760-MSS2_358.png,3072,5632,3584,6144
GF2_PMS2_E116.0_N39.1_20170302_L1A0002214760-MSS2_359.png,3072,5888,3584,6400
GF2_PMS2_E116.0_N39.1_20170302_L1A0002214760-MSS2_360.png,3072,6144,3584,6656
GF2_PMS2_E116.0_N39.1_20170302_L1A0002214760-MSS2_361.png,3072,6400,3584,6912
GF2_PMS2_E116.0_N39.1_20170302_L1A0002214760-MSS2_362.png,3072,6656,3584,7168
GF2_PMS2_E116.0_N39.1_20170302_L1A0002214760-MSS2_363.png,3072,6912,3584,7424
GF2_PMS2_E116.0_N39.1_20170302_L1A0002214760-MSS2_364.png,3328,0,3840,512
GF2_PMS2_E116.0_N39.1_20170302_L1A0002214760-MSS2_365.png,3328,256,3840,768
GF2_PMS2_E116.0_N39.1_20170302_L1A0002214760-MSS2_366.png,3328,512,3840,1024
GF2_PMS2_E116.0_N39.1_20170302_L1A0002214760-MSS2_367.png,3328,768,3840,1280
GF2_PMS2_E116.0_N39.1_20170302_L1A0002214760-MSS2_368.png,3328,1024,3840,1536
GF2_PMS2_E116.0_N39.1_20170302_L1A0002214760-MSS2_369.png,3328,1280,3840,1792
GF2_PMS2_E116.0_N39.1_20170302_L1A0002214760-MSS2_370.png,3328,1536,3840,2048
GF2_PMS2_E116.0_N39.1_20170302_L1A0002214760-MSS2_371.png,3328,1792,3840,2304
GF2_PMS2_E116.0_N39.1_20170302_L1A0002214760-MSS2_372.png,3328,2048,3840,2560
GF2_PMS2_E116.0_N39.1_20170302_L1A0002214760-MSS2_373.png,3328,2304,3840,2816
GF2_PMS2_E116.0_N39.1_20170302_L1A0002214760-MSS2_374.png,3328,2560,3840,3072
GF2_PMS2_E116.0_N39.1_20170302_L1A0002214760-MSS2_375.png,3328,2816,3840,3328
GF2_PMS2_E116.0_N39.1_20170302_L1A0002214760-MSS2_376.png,3328,3072,3840,3584
GF2_PMS2_E116.0_N39.1_20170302_L1A0002214760-MSS2_377.png,3328,3328,3840,3840
GF2_PMS2_E116.0_N39.1_20170302_L1A0002214760-MSS2_378.png,3328,3584,3840,4096
GF2_PMS2_E116.0_N39.1_20170302_L1A0002214760-MSS2_379.png,3328,3840,3840,4352
GF2_PMS2_E116.0_N39.1_20170302_L1A0002214760-MSS2_380.png,3328,4096,3840,4608
GF2_PMS2_E116.0_N39.1_20170302_L1A0002214760-MSS2_381.png,3328,4352,3840,4864
GF2_PMS2_E116.0_N39.1_20170302_L1A0002214760-MSS2_382.png,3328,4608,3840,5120
GF2_PMS2_E116.0_N39.1_20170302_L1A0002214760-MSS2_383.png,3328,4864,3840,5376
GF2_PMS2_E116.0_N39.1_20170302_L1A0002214760-MSS2_384.png,3328,5120,3840,5632
GF2_PMS2_E116.0_N39.1_20170302_L1A0002214760-MSS2_385.png,3328,5376,3840,5888
GF2_PMS2_E116.0_N39.1_20170302_L1A0002214760-MSS2_386.png,3328,5632,3840,6144
GF2_PMS2_E116.0_N39.1_20170302_L1A0002214760-MSS2_387.png,3328,5888,3840,6400
GF2_PMS2_E116.0_N39.1_20170302_L1A0002214760-MSS2_388.png,3328,6144,3840,6656
GF2_PMS2_E116.0_N39.1_20170302_L1A0002214760-MSS2_389.png,3328,6400,3840,6912
GF2_PMS2_E116.0_N39.1_20170302_L1A0002214760-MSS2_390.png,3328,6656,3840,7168
GF2_PMS2_E116.0_N39.1_20170302_L1A0002214760-MSS2_391.png,3328,6912,3840,7424
GF2_PMS2_E116.0_N39.1_20170302_L1A0002214760-MSS2_392.png,3584,0,4096,512
GF2_PMS2_E116.0_N39.1_20170302_L1A0002214760-MSS2_393.png,3584,256,4096,768
GF2_PMS2_E116.0_N39.1_20170302_L1A0002214760-MSS2_394.png,3584,512,4096,1024
GF2_PMS2_E116.0_N39.1_20170302_L1A0002214760-MSS2_395.png,3584,768,4096,1280
GF2_PMS2_E116.0_N39.1_20170302_L1A0002214760-MSS2_396.png,3584,1024,4096,1536
GF2_PMS2_E116.0_N39.1_20170302_L1A0002214760-MSS2_397.png,3584,1280,4096,1792
GF2_PMS2_E116.0_N39.1_20170302_L1A0002214760-MSS2_398.png,3584,1536,4096,2048
GF2_PMS2_E116.0_N39.1_20170302_L1A0002214760-MSS2_399.png,3584,1792,4096,2304
GF2_PMS2_E116.0_N39.1_20170302_L1A0002214760-MSS2_400.png,3584,2048,4096,2560
GF2_PMS2_E116.0_N39.1_20170302_L1A0002214760-MSS2_401.png,3584,2304,4096,2816
GF2_PMS2_E116.0_N39.1_20170302_L1A0002214760-MSS2_402.png,3584,2560,4096,3072
GF2_PMS2_E116.0_N39.1_20170302_L1A0002214760-MSS2_403.png,3584,2816,4096,3328
GF2_PMS2_E116.0_N39.1_20170302_L1A0002214760-MSS2_404.png,3584,3072,4096,3584
GF2_PMS2_E116.0_N39.1_20170302_L1A0002214760-MSS2_405.png,3584,3328,4096,3840
GF2_PMS2_E116.0_N39.1_20170302_L1A0002214760-MSS2_406.png,3584,3584,4096,4096
GF2_PMS2_E116.0_N39.1_20170302_L1A0002214760-MSS2_407.png,3584,3840,4096,4352
GF2_PMS2_E116.0_N39.1_20170302_L1A0002214760-MSS2_408.png,3584,4096,4096,4608
GF2_PMS2_E116.0_N39.1_20170302_L1A0002214760-MSS2_409.png,3584,4352,4096,4864
GF2_PMS2_E116.0_N39.1_20170302_L1A0002214760-MSS2_410.png,3584,4608,4096,5120
GF2_PMS2_E116.0_N39.1_20170302_L1A0002214760-MSS2_411.png,3584,4864,4096,5376
GF2_PMS2_E116.0_N39.1_20170302_L1A0002214760-MSS2_412.png,3584,5120,4096,5632
GF2_PMS2_E116.0_N39.1_20170302_L1A0002214760-MSS2_413.png,3584,5376,4096,5888
GF2_PMS2_E116.0_N39.1_20170302_L1A0002214760-MSS2_414.png,3584,5632,4096,6144
GF2_PMS2_E116.0_N39.1_20170302_L1A0002214760-MSS2_415.png,3584,5888,4096,6400
GF2_PMS2_E116.0_N39.1_20170302_L1A0002214760-MSS2_416.png,3584,6144,4096,6656
GF2_PMS2_E116.0_N39.1_20170302_L1A0002214760-MSS2_417.png,3584,6400,4096,6912
GF2_PMS2_E116.0_N39.1_20170302_L1A0002214760-MSS2_418.png,3584,6656,4096,7168
GF2_PMS2_E116.0_N39.1_20170302_L1A0002214760-MSS2_419.png,3584,6912,4096,7424
GF2_PMS2_E116.0_N39.1_20170302_L1A0002214760-MSS2_420.png,3840,0,4352,512
GF2_PMS2_E116.0_N39.1_20170302_L1A0002214760-MSS2_421.png,3840,256,4352,768
GF2_PMS2_E116.0_N39.1_20170302_L1A0002214760-MSS2_422.png,3840,512,4352,1024
GF2_PMS2_E116.0_N39.1_20170302_L1A0002214760-MSS2_423.png,3840,768,4352,1280
GF2_PMS2_E116.0_N39.1_20170302_L1A0002214760-MSS2_424.png,3840,1024,4352,1536
GF2_PMS2_E116.0_N39.1_20170302_L1A0002214760-MSS2_425.png,3840,1280,4352,1792
GF2_PMS2_E116.0_N39.1_20170302_L1A0002214760-MSS2_426.png,3840,1536,4352,2048
GF2_PMS2_E116.0_N39.1_20170302_L1A0002214760-MSS2_427.png,3840,1792,4352,2304
GF2_PMS2_E116.0_N39.1_20170302_L1A0002214760-MSS2_428.png,3840,2048,4352,2560
GF2_PMS2_E116.0_N39.1_20170302_L1A0002214760-MSS2_429.png,3840,2304,4352,2816
GF2_PMS2_E116.0_N39.1_20170302_L1A0002214760-MSS2_430.png,3840,2560,4352,3072
GF2_PMS2_E116.0_N39.1_20170302_L1A0002214760-MSS2_431.png,3840,2816,4352,3328
GF2_PMS2_E116.0_N39.1_20170302_L1A0002214760-MSS2_432.png,3840,3072,4352,3584
GF2_PMS2_E116.0_N39.1_20170302_L1A0002214760-MSS2_433.png,3840,3328,4352,3840
GF2_PMS2_E116.0_N39.1_20170302_L1A0002214760-MSS2_434.png,3840,3584,4352,4096
GF2_PMS2_E116.0_N39.1_20170302_L1A0002214760-MSS2_435.png,3840,3840,4352,4352
GF2_PMS2_E116.0_N39.1_20170302_L1A0002214760-MSS2_436.png,3840,4096,4352,4608
GF2_PMS2_E116.0_N39.1_20170302_L1A0002214760-MSS2_437.png,3840,4352,4352,4864
GF2_PMS2_E116.0_N39.1_20170302_L1A0002214760-MSS2_438.png,3840,4608,4352,5120
GF2_PMS2_E116.0_N39.1_20170302_L1A0002214760-MSS2_439.png,3840,4864,4352,5376
GF2_PMS2_E116.0_N39.1_20170302_L1A0002214760-MSS2_440.png,3840,5120,4352,5632
GF2_PMS2_E116.0_N39.1_20170302_L1A0002214760-MSS2_441.png,3840,5376,4352,5888
GF2_PMS2_E116.0_N39.1_20170302_L1A0002214760-MSS2_442.png,3840,5632,4352,6144
GF2_PMS2_E116.0_N39.1_20170302_L1A0002214760-MSS2_443.png,3840,5888,4352,6400
GF2_PMS2_E116.0_N39.1_20170302_L1A0002214760-MSS2_444.png,3840,6144,4352,6656
GF2_PMS2_E116.0_N39.1_20170302_L1A0002214760-MSS2_445.png,3840,6400,4352,6912
GF2_PMS2_E116.0_N39.1_20170302_L1A0002214760-MSS2_446.png,3840,6656,4352,7168
GF2_PMS2_E116.0_N39.1_20170302_L1A0002214760-MSS2_447.png,3840,6912,4352,7424
GF2_PMS2_E116.0_N39.1_20170302_L1A0002214760-MSS2_448.png,4096,0,4608,512
GF2_PMS2_E116.0_N39.1_20170302_L1A0002214760-MSS2_449.png,4096,256,4608,768
GF2_PMS2_E116.0_N39.1_20170302_L1A0002214760-MSS2_450.png,4096,512,4608,1024
GF2_PMS2_E116.0_N39.1_20170302_L1A0002214760-MSS2_451.png,4096,768,4608,1280
GF2_PMS2_E116.0_N39.1_20170302_L1A0002214760-MSS2_452.png,4096,1024,4608,1536
GF2_PMS2_E116.0_N39.1_20170302_L1A0002214760-MSS2_453.png,4096,1280,4608,1792
GF2_PMS2_E116.0_N39.1_20170302_L1A0002214760-MSS2_454.png,4096,1536,4608,2048
GF2_PMS2_E116.0_N39.1_20170302_L1A0002214760-MSS2_455.png,4096,1792,4608,2304
GF2_PMS2_E116.0_N39.1_20170302_L1A0002214760-MSS2_456.png,4096,2048,4608,2560
GF2_PMS2_E116.0_N39.1_20170302_L1A0002214760-MSS2_457.png,4096,2304,4608,2816
GF2_PMS2_E116.0_N39.1_20170302_L1A0002214760-MSS2_458.png,4096,2560,4608,3072
GF2_PMS2_E116.0_N39.1_20170302_L1A0002214760-MSS2_459.png,4096,2816,4608,3328
GF2_PMS2_E116.0_N39.1_20170302_L1A0002214760-MSS2_460.png,4096,3072,4608,3584
GF2_PMS2_E116.0_N39.1_20170302_L1A0002214760-MSS2_461.png,4096,3328,4608,3840
GF2_PMS2_E116.0_N39.1_20170302_L1A0002214760-MSS2_462.png,4096,3584,4608,4096
GF2_PMS2_E116.0_N39.1_20170302_L1A0002214760-MSS2_463.png,4096,3840,4608,4352
GF2_PMS2_E116.0_N39.1_20170302_L1A0002214760-MSS2_464.png,4096,4096,4608,4608
GF2_PMS2_E116.0_N39.1_20170302_L1A0002214760-MSS2_465.png,4096,4352,4608,4864
GF2_PMS2_E116.0_N39.1_20170302_L1A0002214760-MSS2_466.png,4096,4608,4608,5120
GF2_PMS2_E116.0_N39.1_20170302_L1A0002214760-MSS2_467.png,4096,4864,4608,5376
GF2_PMS2_E116.0_N39.1_20170302_L1A0002214760-MSS2_468.png,4096,5120,4608,5632
GF2_PMS2_E116.0_N39.1_20170302_L1A0002214760-MSS2_469.png,4096,5376,4608,5888
GF2_PMS2_E116.0_N39.1_20170302_L1A0002214760-MSS2_470.png,4096,5632,4608,6144
GF2_PMS2_E116.0_N39.1_20170302_L1A0002214760-MSS2_471.png,4096,5888,4608,6400
GF2_PMS2_E116.0_N39.1_20170302_L1A0002214760-MSS2_472.png,4096,6144,4608,6656
GF2_PMS2_E116.0_N39.1_20170302_L1A0002214760-MSS2_473.png,4096,6400,4608,6912
GF2_PMS2_E116.0_N39.1_20170302_L1A0002214760-MSS2_474.png,4096,6656,4608,7168
GF2_PMS2_E116.0_N39.1_20170302_L1A0002214760-MSS2_475.png,4096,6912,4608,7424
GF2_PMS2_E116.0_N39.1_20170302_L1A0002214760-MSS2_476.png,4352,0,4864,512
GF2_PMS2_E116.0_N39.1_20170302_L1A0002214760-MSS2_477.png,4352,256,4864,768
GF2_PMS2_E116.0_N39.1_20170302_L1A0002214760-MSS2_478.png,4352,512,4864,1024
GF2_PMS2_E116.0_N39.1_20170302_L1A0002214760-MSS2_479.png,4352,768,4864,1280
GF2_PMS2_E116.0_N39.1_20170302_L1A0002214760-MSS2_480.png,4352,1024,4864,1536
GF2_PMS2_E116.0_N39.1_20170302_L1A0002214760-MSS2_481.png,4352,1280,4864,1792
GF2_PMS2_E116.0_N39.1_20170302_L1A0002214760-MSS2_482.png,4352,1536,4864,2048
GF2_PMS2_E116.0_N39.1_20170302_L1A0002214760-MSS2_483.png,4352,1792,4864,2304
GF2_PMS2_E116.0_N39.1_20170302_L1A0002214760-MSS2_484.png,4352,2048,4864,2560
GF2_PMS2_E116.0_N39.1_20170302_L1A0002214760-MSS2_485.png,4352,2304,4864,2816
GF2_PMS2_E116.0_N39.1_20170302_L1A0002214760-MSS2_486.png,4352,2560,4864,3072
GF2_PMS2_E116.0_N39.1_20170302_L1A0002214760-MSS2_487.png,4352,2816,4864,3328
GF2_PMS2_E116.0_N39.1_20170302_L1A0002214760-MSS2_488.png,4352,3072,4864,3584
GF2_PMS2_E116.0_N39.1_20170302_L1A0002214760-MSS2_489.png,4352,3328,4864,3840
GF2_PMS2_E116.0_N39.1_20170302_L1A0002214760-MSS2_490.png,4352,3584,4864,4096
GF2_PMS2_E116.0_N39.1_20170302_L1A0002214760-MSS2_491.png,4352,3840,4864,4352
GF2_PMS2_E116.0_N39.1_20170302_L1A0002214760-MSS2_492.png,4352,4096,4864,4608
GF2_PMS2_E116.0_N39.1_20170302_L1A0002214760-MSS2_493.png,4352,4352,4864,4864
GF2_PMS2_E116.0_N39.1_20170302_L1A0002214760-MSS2_494.png,4352,4608,4864,5120
GF2_PMS2_E116.0_N39.1_20170302_L1A0002214760-MSS2_495.png,4352,4864,4864,5376
GF2_PMS2_E116.0_N39.1_20170302_L1A0002214760-MSS2_496.png,4352,5120,4864,5632
GF2_PMS2_E116.0_N39.1_20170302_L1A0002214760-MSS2_497.png,4352,5376,4864,5888
GF2_PMS2_E116.0_N39.1_20170302_L1A0002214760-MSS2_498.png,4352,5632,4864,6144
GF2_PMS2_E116.0_N39.1_20170302_L1A0002214760-MSS2_499.png,4352,5888,4864,6400
GF2_PMS2_E116.0_N39.1_20170302_L1A0002214760-MSS2_500.png,4352,6144,4864,6656
GF2_PMS2_E116.0_N39.1_20170302_L1A0002214760-MSS2_501.png,4352,6400,4864,6912
GF2_PMS2_E116.0_N39.1_20170302_L1A0002214760-MSS2_502.png,4352,6656,4864,7168
GF2_PMS2_E116.0_N39.1_20170302_L1A0002214760-MSS2_503.png,4352,6912,4864,7424
GF2_PMS2_E116.0_N39.1_20170302_L1A0002214760-MSS2_504.png,4608,0,5120,512
GF2_PMS2_E116.0_N39.1_20170302_L1A0002214760-MSS2_505.png,4608,256,5120,768
GF2_PMS2_E116.0_N39.1_20170302_L1A0002214760-MSS2_506.png,4608,512,5120,1024
GF2_PMS2_E116.0_N39.1_20170302_L1A0002214760-MSS2_507.png,4608,768,5120,1280
GF2_PMS2_E116.0_N39.1_20170302_L1A0002214760-MSS2_508.png,4608,1024,5120,1536
GF2_PMS2_E116.0_N39.1_20170302_L1A0002214760-MSS2_509.png,4608,1280,5120,1792
GF2_PMS2_E116.0_N39.1_20170302_L1A0002214760-MSS2_510.png,4608,1536,5120,2048
GF2_PMS2_E116.0_N39.1_20170302_L1A0002214760-MSS2_511.png,4608,1792,5120,2304
GF2_PMS2_E116.0_N39.1_20170302_L1A0002214760-MSS2_512.png,4608,2048,5120,2560
GF2_PMS2_E116.0_N39.1_20170302_L1A0002214760-MSS2_513.png,4608,2304,5120,2816
GF2_PMS2_E116.0_N39.1_20170302_L1A0002214760-MSS2_514.png,4608,2560,5120,3072
GF2_PMS2_E116.0_N39.1_20170302_L1A0002214760-MSS2_515.png,4608,2816,5120,3328
GF2_PMS2_E116.0_N39.1_20170302_L1A0002214760-MSS2_516.png,4608,3072,5120,3584
GF2_PMS2_E116.0_N39.1_20170302_L1A0002214760-MSS2_517.png,4608,3328,5120,3840
GF2_PMS2_E116.0_N39.1_20170302_L1A0002214760-MSS2_518.png,4608,3584,5120,4096
GF2_PMS2_E116.0_N39.1_20170302_L1A0002214760-MSS2_519.png,4608,3840,5120,4352
GF2_PMS2_E116.0_N39.1_20170302_L1A0002214760-MSS2_520.png,4608,4096,5120,4608
GF2_PMS2_E116.0_N39.1_20170302_L1A0002214760-MSS2_521.png,4608,4352,5120,4864
GF2_PMS2_E116.0_N39.1_20170302_L1A0002214760-MSS2_522.png,4608,4608,5120,5120
GF2_PMS2_E116.0_N39.1_20170302_L1A0002214760-MSS2_523.png,4608,4864,5120,5376
GF2_PMS2_E116.0_N39.1_20170302_L1A0002214760-MSS2_524.png,4608,5120,5120,5632
GF2_PMS2_E116.0_N39.1_20170302_L1A0002214760-MSS2_525.png,4608,5376,5120,5888
GF2_PMS2_E116.0_N39.1_20170302_L1A0002214760-MSS2_526.png,4608,5632,5120,6144
GF2_PMS2_E116.0_N39.1_20170302_L1A0002214760-MSS2_527.png,4608,5888,5120,6400
GF2_PMS2_E116.0_N39.1_20170302_L1A0002214760-MSS2_528.png,4608,6144,5120,6656
GF2_PMS2_E116.0_N39.1_20170302_L1A0002214760-MSS2_529.png,4608,6400,5120,6912
GF2_PMS2_E116.0_N39.1_20170302_L1A0002214760-MSS2_530.png,4608,6656,5120,7168
GF2_PMS2_E116.0_N39.1_20170302_L1A0002214760-MSS2_531.png,4608,6912,5120,7424
GF2_PMS2_E116.0_N39.1_20170302_L1A0002214760-MSS2_532.png,4864,0,5376,512
GF2_PMS2_E116.0_N39.1_20170302_L1A0002214760-MSS2_533.png,4864,256,5376,768
GF2_PMS2_E116.0_N39.1_20170302_L1A0002214760-MSS2_534.png,4864,512,5376,1024
GF2_PMS2_E116.0_N39.1_20170302_L1A0002214760-MSS2_535.png,4864,768,5376,1280
GF2_PMS2_E116.0_N39.1_20170302_L1A0002214760-MSS2_536.png,4864,1024,5376,1536
GF2_PMS2_E116.0_N39.1_20170302_L1A0002214760-MSS2_537.png,4864,1280,5376,1792
GF2_PMS2_E116.0_N39.1_20170302_L1A0002214760-MSS2_538.png,4864,1536,5376,2048
GF2_PMS2_E116.0_N39.1_20170302_L1A0002214760-MSS2_539.png,4864,1792,5376,2304
GF2_PMS2_E116.0_N39.1_20170302_L1A0002214760-MSS2_540.png,4864,2048,5376,2560
GF2_PMS2_E116.0_N39.1_20170302_L1A0002214760-MSS2_541.png,4864,2304,5376,2816
GF2_PMS2_E116.0_N39.1_20170302_L1A0002214760-MSS2_542.png,4864,2560,5376,3072
GF2_PMS2_E116.0_N39.1_20170302_L1A0002214760-MSS2_543.png,4864,2816,5376,3328
GF2_PMS2_E116.0_N39.1_20170302_L1A0002214760-MSS2_544.png,4864,3072,5376,3584
GF2_PMS2_E116.0_N39.1_20170302_L1A0002214760-MSS2_545.png,4864,3328,5376,3840
GF2_PMS2_E116.0_N39.1_20170302_L1A0002214760-MSS2_546.png,4864,3584,5376,4096
GF2_PMS2_E116.0_N39.1_20170302_L1A0002214760-MSS2_547.png,4864,3840,5376,4352
GF2_PMS2_E116.0_N39.1_20170302_L1A0002214760-MSS2_548.png,4864,4096,5376,4608
GF2_PMS2_E116.0_N39.1_20170302_L1A0002214760-MSS2_549.png,4864,4352,5376,4864
GF2_PMS2_E116.0_N39.1_20170302_L1A0002214760-MSS2_550.png,4864,4608,5376,5120
GF2_PMS2_E116.0_N39.1_20170302_L1A0002214760-MSS2_551.png,4864,4864,5376,5376
GF2_PMS2_E116.0_N39.1_20170302_L1A0002214760-MSS2_552.png,4864,5120,5376,5632
GF2_PMS2_E116.0_N39.1_20170302_L1A0002214760-MSS2_553.png,4864,5376,5376,5888
GF2_PMS2_E116.0_N39.1_20170302_L1A0002214760-MSS2_554.png,4864,5632,5376,6144
GF2_PMS2_E116.0_N39.1_20170302_L1A0002214760-MSS2_555.png,4864,5888,5376,6400
GF2_PMS2_E116.0_N39.1_20170302_L1A0002214760-MSS2_556.png,4864,6144,5376,6656
GF2_PMS2_E116.0_N39.1_20170302_L1A0002214760-MSS2_557.png,4864,6400,5376,6912
GF2_PMS2_E116.0_N39.1_20170302_L1A0002214760-MSS2_558.png,4864,6656,5376,7168
GF2_PMS2_E116.0_N39.1_20170302_L1A0002214760-MSS2_559.png,4864,6912,5376,7424
GF2_PMS2_E116.0_N39.1_20170302_L1A0002214760-MSS2_560.png,5120,0,5632,512
GF2_PMS2_E116.0_N39.1_20170302_L1A0002214760-MSS2_561.png,5120,256,5632,768
GF2_PMS2_E116.0_N39.1_20170302_L1A0002214760-MSS2_562.png,5120,512,5632,1024
GF2_PMS2_E116.0_N39.1_20170302_L1A0002214760-MSS2_563.png,5120,768,5632,1280
GF2_PMS2_E116.0_N39.1_20170302_L1A0002214760-MSS2_564.png,5120,1024,5632,1536
GF2_PMS2_E116.0_N39.1_20170302_L1A0002214760-MSS2_565.png,5120,1280,5632,1792
GF2_PMS2_E116.0_N39.1_20170302_L1A0002214760-MSS2_566.png,5120,1536,5632,2048
GF2_PMS2_E116.0_N39.1_20170302_L1A0002214760-MSS2_567.png,5120,1792,5632,2304
GF2_PMS2_E116.0_N39.1_20170302_L1A0002214760-MSS2_568.png,5120,2048,5632,2560
GF2_PMS2_E116.0_N39.1_20170302_L1A0002214760-MSS2_569.png,5120,2304,5632,2816
GF2_PMS2_E116.0_N39.1_20170302_L1A0002214760-MSS2_570.png,5120,2560,5632,3072
GF2_PMS2_E116.0_N39.1_20170302_L1A0002214760-MSS2_571.png,5120,2816,5632,3328
GF2_PMS2_E116.0_N39.1_20170302_L1A0002214760-MSS2_572.png,5120,3072,5632,3584
GF2_PMS2_E116.0_N39.1_20170302_L1A0002214760-MSS2_573.png,5120,3328,5632,3840
GF2_PMS2_E116.0_N39.1_20170302_L1A0002214760-MSS2_574.png,5120,3584,5632,4096
GF2_PMS2_E116.0_N39.1_20170302_L1A0002214760-MSS2_575.png,5120,3840,5632,4352
GF2_PMS2_E116.0_N39.1_20170302_L1A0002214760-MSS2_576.png,5120,4096,5632,4608
GF2_PMS2_E116.0_N39.1_20170302_L1A0002214760-MSS2_577.png,5120,4352,5632,4864
GF2_PMS2_E116.0_N39.1_20170302_L1A0002214760-MSS2_578.png,5120,4608,5632,5120
GF2_PMS2_E116.0_N39.1_20170302_L1A0002214760-MSS2_579.png,5120,4864,5632,5376
GF2_PMS2_E116.0_N39.1_20170302_L1A0002214760-MSS2_580.png,5120,5120,5632,5632
GF2_PMS2_E116.0_N39.1_20170302_L1A0002214760-MSS2_581.png,5120,5376,5632,5888
GF2_PMS2_E116.0_N39.1_20170302_L1A0002214760-MSS2_582.png,5120,5632,5632,6144
GF2_PMS2_E116.0_N39.1_20170302_L1A0002214760-MSS2_583.png,5120,5888,5632,6400
GF2_PMS2_E116.0_N39.1_20170302_L1A0002214760-MSS2_584.png,5120,6144,5632,6656
GF2_PMS2_E116.0_N39.1_20170302_L1A0002214760-MSS2_585.png,5120,6400,5632,6912
GF2_PMS2_E116.0_N39.1_20170302_L1A0002214760-MSS2_586.png,5120,6656,5632,7168
GF2_PMS2_E116.0_N39.1_20170302_L1A0002214760-MSS2_587.png,5120,6912,5632,7424
GF2_PMS2_E116.0_N39.1_20170302_L1A0002214760-MSS2_588.png,5376,0,5888,512
GF2_PMS2_E116.0_N39.1_20170302_L1A0002214760-MSS2_589.png,5376,256,5888,768
GF2_PMS2_E116.0_N39.1_20170302_L1A0002214760-MSS2_590.png,5376,512,5888,1024
GF2_PMS2_E116.0_N39.1_20170302_L1A0002214760-MSS2_591.png,5376,768,5888,1280
GF2_PMS2_E116.0_N39.1_20170302_L1A0002214760-MSS2_592.png,5376,1024,5888,1536
GF2_PMS2_E116.0_N39.1_20170302_L1A0002214760-MSS2_593.png,5376,1280,5888,1792
GF2_PMS2_E116.0_N39.1_20170302_L1A0002214760-MSS2_594.png,5376,1536,5888,2048
GF2_PMS2_E116.0_N39.1_20170302_L1A0002214760-MSS2_595.png,5376,1792,5888,2304
GF2_PMS2_E116.0_N39.1_20170302_L1A0002214760-MSS2_596.png,5376,2048,5888,2560
GF2_PMS2_E116.0_N39.1_20170302_L1A0002214760-MSS2_597.png,5376,2304,5888,2816
GF2_PMS2_E116.0_N39.1_20170302_L1A0002214760-MSS2_598.png,5376,2560,5888,3072
GF2_PMS2_E116.0_N39.1_20170302_L1A0002214760-MSS2_599.png,5376,2816,5888,3328
GF2_PMS2_E116.0_N39.1_20170302_L1A0002214760-MSS2_600.png,5376,3072,5888,3584
GF2_PMS2_E116.0_N39.1_20170302_L1A0002214760-MSS2_601.png,5376,3328,5888,3840
GF2_PMS2_E116.0_N39.1_20170302_L1A0002214760-MSS2_602.png,5376,3584,5888,4096
GF2_PMS2_E116.0_N39.1_20170302_L1A0002214760-MSS2_603.png,5376,3840,5888,4352
GF2_PMS2_E116.0_N39.1_20170302_L1A0002214760-MSS2_604.png,5376,4096,5888,4608
GF2_PMS2_E116.0_N39.1_20170302_L1A0002214760-MSS2_605.png,5376,4352,5888,4864
GF2_PMS2_E116.0_N39.1_20170302_L1A0002214760-MSS2_606.png,5376,4608,5888,5120
GF2_PMS2_E116.0_N39.1_20170302_L1A0002214760-MSS2_607.png,5376,4864,5888,5376
GF2_PMS2_E116.0_N39.1_20170302_L1A0002214760-MSS2_608.png,5376,5120,5888,5632
GF2_PMS2_E116.0_N39.1_20170302_L1A0002214760-MSS2_609.png,5376,5376,5888,5888
GF2_PMS2_E116.0_N39.1_20170302_L1A0002214760-MSS2_610.png,5376,5632,5888,6144
GF2_PMS2_E116.0_N39.1_20170302_L1A0002214760-MSS2_611.png,5376,5888,5888,6400
GF2_PMS2_E116.0_N39.1_20170302_L1A0002214760-MSS2_612.png,5376,6144,5888,6656
GF2_PMS2_E116.0_N39.1_20170302_L1A0002214760-MSS2_613.png,5376,6400,5888,6912
GF2_PMS2_E116.0_N39.1_20170302_L1A0002214760-MSS2_614.png,5376,6656,5888,7168
GF2_PMS2_E116.0_N39.1_20170302_L1A0002214760-MSS2_615.png,5376,6912,5888,7424
GF2_PMS2_E116.0_N39.1_20170302_L1A0002214760-MSS2_616.png,5632,0,6144,512
GF2_PMS2_E116.0_N39.1_20170302_L1A0002214760-MSS2_617.png,5632,256,6144,768
GF2_PMS2_E116.0_N39.1_20170302_L1A0002214760-MSS2_618.png,5632,512,6144,1024
GF2_PMS2_E116.0_N39.1_20170302_L1A0002214760-MSS2_619.png,5632,768,6144,1280
GF2_PMS2_E116.0_N39.1_20170302_L1A0002214760-MSS2_620.png,5632,1024,6144,1536
GF2_PMS2_E116.0_N39.1_20170302_L1A0002214760-MSS2_621.png,5632,1280,6144,1792
GF2_PMS2_E116.0_N39.1_20170302_L1A0002214760-MSS2_622.png,5632,1536,6144,2048
GF2_PMS2_E116.0_N39.1_20170302_L1A0002214760-MSS2_623.png,5632,1792,6144,2304
GF2_PMS2_E116.0_N39.1_20170302_L1A0002214760-MSS2_624.png,5632,2048,6144,2560
GF2_PMS2_E116.0_N39.1_20170302_L1A0002214760-MSS2_625.png,5632,2304,6144,2816
GF2_PMS2_E116.0_N39.1_20170302_L1A0002214760-MSS2_626.png,5632,2560,6144,3072
GF2_PMS2_E116.0_N39.1_20170302_L1A0002214760-MSS2_627.png,5632,2816,6144,3328
GF2_PMS2_E116.0_N39.1_20170302_L1A0002214760-MSS2_628.png,5632,3072,6144,3584
GF2_PMS2_E116.0_N39.1_20170302_L1A0002214760-MSS2_629.png,5632,3328,6144,3840
GF2_PMS2_E116.0_N39.1_20170302_L1A0002214760-MSS2_630.png,5632,3584,6144,4096
GF2_PMS2_E116.0_N39.1_20170302_L1A0002214760-MSS2_631.png,5632,3840,6144,4352
GF2_PMS2_E116.0_N39.1_20170302_L1A0002214760-MSS2_632.png,5632,4096,6144,4608
GF2_PMS2_E116.0_N39.1_20170302_L1A0002214760-MSS2_633.png,5632,4352,6144,4864
GF2_PMS2_E116.0_N39.1_20170302_L1A0002214760-MSS2_634.png,5632,4608,6144,5120
GF2_PMS2_E116.0_N39.1_20170302_L1A0002214760-MSS2_635.png,5632,4864,6144,5376
GF2_PMS2_E116.0_N39.1_20170302_L1A0002214760-MSS2_636.png,5632,5120,6144,5632
GF2_PMS2_E116.0_N39.1_20170302_L1A0002214760-MSS2_637.png,5632,5376,6144,5888
GF2_PMS2_E116.0_N39.1_20170302_L1A0002214760-MSS2_638.png,5632,5632,6144,6144
GF2_PMS2_E116.0_N39.1_20170302_L1A0002214760-MSS2_639.png,5632,5888,6144,6400
GF2_PMS2_E116.0_N39.1_20170302_L1A0002214760-MSS2_640.png,5632,6144,6144,6656
GF2_PMS2_E116.0_N39.1_20170302_L1A0002214760-MSS2_641.png,5632,6400,6144,6912
GF2_PMS2_E116.0_N39.1_20170302_L1A0002214760-MSS2_642.png,5632,6656,6144,7168
GF2_PMS2_E116.0_N39.1_20170302_L1A0002214760-MSS2_643.png,5632,6912,6144,7424
GF2_PMS2_E116.0_N39.1_20170302_L1A0002214760-MSS2_644.png,5888,0,6400,512
GF2_PMS2_E116.0_N39.1_20170302_L1A0002214760-MSS2_645.png,5888,256,6400,768
GF2_PMS2_E116.0_N39.1_20170302_L1A0002214760-MSS2_646.png,5888,512,6400,1024
GF2_PMS2_E116.0_N39.1_20170302_L1A0002214760-MSS2_647.png,5888,768,6400,1280
GF2_PMS2_E116.0_N39.1_20170302_L1A0002214760-MSS2_648.png,5888,1024,6400,1536
GF2_PMS2_E116.0_N39.1_20170302_L1A0002214760-MSS2_649.png,5888,1280,6400,1792
GF2_PMS2_E116.0_N39.1_20170302_L1A0002214760-MSS2_650.png,5888,1536,6400,2048
GF2_PMS2_E116.0_N39.1_20170302_L1A0002214760-MSS2_651.png,5888,1792,6400,2304
GF2_PMS2_E116.0_N39.1_20170302_L1A0002214760-MSS2_652.png,5888,2048,6400,2560
GF2_PMS2_E116.0_N39.1_20170302_L1A0002214760-MSS2_653.png,5888,2304,6400,2816
GF2_PMS2_E116.0_N39.1_20170302_L1A0002214760-MSS2_654.png,5888,2560,6400,3072
GF2_PMS2_E116.0_N39.1_20170302_L1A0002214760-MSS2_655.png,5888,2816,6400,3328
GF2_PMS2_E116.0_N39.1_20170302_L1A0002214760-MSS2_656.png,5888,3072,6400,3584
GF2_PMS2_E116.0_N39.1_20170302_L1A0002214760-MSS2_657.png,5888,3328,6400,3840
GF2_PMS2_E116.0_N39.1_20170302_L1A0002214760-MSS2_658.png,5888,3584,6400,4096
GF2_PMS2_E116.0_N39.1_20170302_L1A0002214760-MSS2_659.png,5888,3840,6400,4352
GF2_PMS2_E116.0_N39.1_20170302_L1A0002214760-MSS2_660.png,5888,4096,6400,4608
GF2_PMS2_E116.0_N39.1_20170302_L1A0002214760-MSS2_661.png,5888,4352,6400,4864
GF2_PMS2_E116.0_N39.1_20170302_L1A0002214760-MSS2_662.png,5888,4608,6400,5120
GF2_PMS2_E116.0_N39.1_20170302_L1A0002214760-MSS2_663.png,5888,4864,6400,5376
GF2_PMS2_E116.0_N39.1_20170302_L1A0002214760-MSS2_664.png,5888,5120,6400,5632
GF2_PMS2_E116.0_N39.1_20170302_L1A0002214760-MSS2_665.png,5888,5376,6400,5888
GF2_PMS2_E116.0_N39.1_20170302_L1A0002214760-MSS2_666.png,5888,5632,6400,6144
GF2_PMS2_E116.0_N39.1_20170302_L1A0002214760-MSS2_667.png,5888,5888,6400,6400
GF2_PMS2_E116.0_N39.1_20170302_L1A0002214760-MSS2_668.png,5888,6144,6400,6656
GF2_PMS2_E116.0_N39.1_20170302_L1A0002214760-MSS2_669.png,5888,6400,6400,6912
GF2_PMS2_E116.0_N39.1_20170302_L1A0002214760-MSS2_670.png,5888,6656,6400,7168
GF2_PMS2_E116.0_N39.1_20170302_L1A0002214760-MSS2_671.png,5888,6912,6400,7424
GF2_PMS2_E116.0_N39.1_20170302_L1A0002214760-MSS2_672.png,6144,0,6656,512
GF2_PMS2_E116.0_N39.1_20170302_L1A0002214760-MSS2_673.png,6144,256,6656,768
GF2_PMS2_E116.0_N39.1_20170302_L1A0002214760-MSS2_674.png,6144,512,6656,1024
GF2_PMS2_E116.0_N39.1_20170302_L1A0002214760-MSS2_675.png,6144,768,6656,1280
GF2_PMS2_E116.0_N39.1_20170302_L1A0002214760-MSS2_676.png,6144,1024,6656,1536
GF2_PMS2_E116.0_N39.1_20170302_L1A0002214760-MSS2_677.png,6144,1280,6656,1792
GF2_PMS2_E116.0_N39.1_20170302_L1A0002214760-MSS2_678.png,6144,1536,6656,2048
GF2_PMS2_E116.0_N39.1_20170302_L1A0002214760-MSS2_679.png,6144,1792,6656,2304
GF2_PMS2_E116.0_N39.1_20170302_L1A0002214760-MSS2_680.png,6144,2048,6656,2560
GF2_PMS2_E116.0_N39.1_20170302_L1A0002214760-MSS2_681.png,6144,2304,6656,2816
GF2_PMS2_E116.0_N39.1_20170302_L1A0002214760-MSS2_682.png,6144,2560,6656,3072
GF2_PMS2_E116.0_N39.1_20170302_L1A0002214760-MSS2_683.png,6144,2816,6656,3328
GF2_PMS2_E116.0_N39.1_20170302_L1A0002214760-MSS2_684.png,6144,3072,6656,3584
GF2_PMS2_E116.0_N39.1_20170302_L1A0002214760-MSS2_685.png,6144,3328,6656,3840
GF2_PMS2_E116.0_N39.1_20170302_L1A0002214760-MSS2_686.png,6144,3584,6656,4096
GF2_PMS2_E116.0_N39.1_20170302_L1A0002214760-MSS2_687.png,6144,3840,6656,4352
GF2_PMS2_E116.0_N39.1_20170302_L1A0002214760-MSS2_688.png,6144,4096,6656,4608
GF2_PMS2_E116.0_N39.1_20170302_L1A0002214760-MSS2_689.png,6144,4352,6656,4864
GF2_PMS2_E116.0_N39.1_20170302_L1A0002214760-MSS2_690.png,6144,4608,6656,5120
GF2_PMS2_E116.0_N39.1_20170302_L1A0002214760-MSS2_691.png,6144,4864,6656,5376
GF2_PMS2_E116.0_N39.1_20170302_L1A0002214760-MSS2_692.png,6144,5120,6656,5632
GF2_PMS2_E116.0_N39.1_20170302_L1A0002214760-MSS2_693.png,6144,5376,6656,5888
GF2_PMS2_E116.0_N39.1_20170302_L1A0002214760-MSS2_694.png,6144,5632,6656,6144
GF2_PMS2_E116.0_N39.1_20170302_L1A0002214760-MSS2_695.png,6144,5888,6656,6400
GF2_PMS2_E116.0_N39.1_20170302_L1A0002214760-MSS2_696.png,6144,6144,6656,6656
GF2_PMS2_E116.0_N39.1_20170302_L1A0002214760-MSS2_697.png,6144,6400,6656,6912
GF2_PMS2_E116.0_N39.1_20170302_L1A0002214760-MSS2_698.png,6144,6656,6656,7168
GF2_PMS2_E116.0_N39.1_20170302_L1A0002214760-MSS2_699.png,6144,6912,6656,7424
GF2_PMS2_E116.0_N39.1_20170302_L1A0002214760-MSS2_700.png,6400,0,6912,512
GF2_PMS2_E116.0_N39.1_20170302_L1A0002214760-MSS2_701.png,6400,256,6912,768
GF2_PMS2_E116.0_N39.1_20170302_L1A0002214760-MSS2_702.png,6400,512,6912,1024
GF2_PMS2_E116.0_N39.1_20170302_L1A0002214760-MSS2_703.png,6400,768,6912,1280
GF2_PMS2_E116.0_N39.1_20170302_L1A0002214760-MSS2_704.png,6400,1024,6912,1536
GF2_PMS2_E116.0_N39.1_20170302_L1A0002214760-MSS2_705.png,6400,1280,6912,1792
GF2_PMS2_E116.0_N39.1_20170302_L1A0002214760-MSS2_706.png,6400,1536,6912,2048
GF2_PMS2_E116.0_N39.1_20170302_L1A0002214760-MSS2_707.png,6400,1792,6912,2304
GF2_PMS2_E116.0_N39.1_20170302_L1A0002214760-MSS2_708.png,6400,2048,6912,2560
GF2_PMS2_E116.0_N39.1_20170302_L1A0002214760-MSS2_709.png,6400,2304,6912,2816
GF2_PMS2_E116.0_N39.1_20170302_L1A0002214760-MSS2_710.png,6400,2560,6912,3072
GF2_PMS2_E116.0_N39.1_20170302_L1A0002214760-MSS2_711.png,6400,2816,6912,3328
GF2_PMS2_E116.0_N39.1_20170302_L1A0002214760-MSS2_712.png,6400,3072,6912,3584
GF2_PMS2_E116.0_N39.1_20170302_L1A0002214760-MSS2_713.png,6400,3328,6912,3840
GF2_PMS2_E116.0_N39.1_20170302_L1A0002214760-MSS2_714.png,6400,3584,6912,4096
GF2_PMS2_E116.0_N39.1_20170302_L1A0002214760-MSS2_715.png,6400,3840,6912,4352
GF2_PMS2_E116.0_N39.1_20170302_L1A0002214760-MSS2_716.png,6400,4096,6912,4608
GF2_PMS2_E116.0_N39.1_20170302_L1A0002214760-MSS2_717.png,6400,4352,6912,4864
GF2_PMS2_E116.0_N39.1_20170302_L1A0002214760-MSS2_718.png,6400,4608,6912,5120
GF2_PMS2_E116.0_N39.1_20170302_L1A0002214760-MSS2_719.png,6400,4864,6912,5376
GF2_PMS2_E116.0_N39.1_20170302_L1A0002214760-MSS2_720.png,6400,5120,6912,5632
GF2_PMS2_E116.0_N39.1_20170302_L1A0002214760-MSS2_721.png,6400,5376,6912,5888
GF2_PMS2_E116.0_N39.1_20170302_L1A0002214760-MSS2_722.png,6400,5632,6912,6144
GF2_PMS2_E116.0_N39.1_20170302_L1A0002214760-MSS2_723.png,6400,5888,6912,6400
GF2_PMS2_E116.0_N39.1_20170302_L1A0002214760-MSS2_724.png,6400,6144,6912,6656
GF2_PMS2_E116.0_N39.1_20170302_L1A0002214760-MSS2_725.png,6400,6400,6912,6912
GF2_PMS2_E116.0_N39.1_20170302_L1A0002214760-MSS2_726.png,6400,6656,6912,7168
GF2_PMS2_E116.0_N39.1_20170302_L1A0002214760-MSS2_727.png,6400,6912,6912,7424
GF2_PMS2_E116.0_N39.1_20170302_L1A0002214760-MSS2_728.png,6656,0,7168,512
GF2_PMS2_E116.0_N39.1_20170302_L1A0002214760-MSS2_729.png,6656,256,7168,768
GF2_PMS2_E116.0_N39.1_20170302_L1A0002214760-MSS2_730.png,6656,512,7168,1024
GF2_PMS2_E116.0_N39.1_20170302_L1A0002214760-MSS2_731.png,6656,768,7168,1280
GF2_PMS2_E116.0_N39.1_20170302_L1A0002214760-MSS2_732.png,6656,1024,7168,1536
GF2_PMS2_E116.0_N39.1_20170302_L1A0002214760-MSS2_733.png,6656,1280,7168,1792
GF2_PMS2_E116.0_N39.1_20170302_L1A0002214760-MSS2_734.png,6656,1536,7168,2048
GF2_PMS2_E116.0_N39.1_20170302_L1A0002214760-MSS2_735.png,6656,1792,7168,2304
GF2_PMS2_E116.0_N39.1_20170302_L1A0002214760-MSS2_736.png,6656,2048,7168,2560
GF2_PMS2_E116.0_N39.1_20170302_L1A0002214760-MSS2_737.png,6656,2304,7168,2816
GF2_PMS2_E116.0_N39.1_20170302_L1A0002214760-MSS2_738.png,6656,2560,7168,3072
GF2_PMS2_E116.0_N39.1_20170302_L1A0002214760-MSS2_739.png,6656,2816,7168,3328
GF2_PMS2_E116.0_N39.1_20170302_L1A0002214760-MSS2_740.png,6656,3072,7168,3584
GF2_PMS2_E116.0_N39.1_20170302_L1A0002214760-MSS2_741.png,6656,3328,7168,3840
GF2_PMS2_E116.0_N39.1_20170302_L1A0002214760-MSS2_742.png,6656,3584,7168,4096
GF2_PMS2_E116.0_N39.1_20170302_L1A0002214760-MSS2_743.png,6656,3840,7168,4352
GF2_PMS2_E116.0_N39.1_20170302_L1A0002214760-MSS2_744.png,6656,4096,7168,4608
GF2_PMS2_E116.0_N39.1_20170302_L1A0002214760-MSS2_745.png,6656,4352,7168,4864
GF2_PMS2_E116.0_N39.1_20170302_L1A0002214760-MSS2_746.png,6656,4608,7168,5120
GF2_PMS2_E116.0_N39.1_20170302_L1A0002214760-MSS2_747.png,6656,4864,7168,5376
GF2_PMS2_E116.0_N39.1_20170302_L1A0002214760-MSS2_748.png,6656,5120,7168,5632
GF2_PMS2_E116.0_N39.1_20170302_L1A0002214760-MSS2_749.png,6656,5376,7168,5888
GF2_PMS2_E116.0_N39.1_20170302_L1A0002214760-MSS2_750.png,6656,5632,7168,6144
GF2_PMS2_E116.0_N39.1_20170302_L1A0002214760-MSS2_751.png,6656,5888,7168,6400
GF2_PMS2_E116.0_N39.1_20170302_L1A0002214760-MSS2_752.png,6656,6144,7168,6656
GF2_PMS2_E116.0_N39.1_20170302_L1A0002214760-MSS2_753.png,6656,6400,7168,6912
GF2_PMS2_E116.0_N39.1_20170302_L1A0002214760-MSS2_754.png,6656,6656,7168,7168
GF2_PMS2_E116.0_N39.1_20170302_L1A0002214760-MSS2_755.png,6656,6912,7168,7424
GF2_PMS2_E116.0_N39.1_20170302_L1A0002214760-MSS2_756.png,6912,0,7424,512
GF2_PMS2_E116.0_N39.1_20170302_L1A0002214760-MSS2_757.png,6912,256,7424,768
GF2_PMS2_E116.0_N39.1_20170302_L1A0002214760-MSS2_758.png,6912,512,7424,1024
GF2_PMS2_E116.0_N39.1_20170302_L1A0002214760-MSS2_759.png,6912,768,7424,1280
GF2_PMS2_E116.0_N39.1_20170302_L1A0002214760-MSS2_760.png,6912,1024,7424,1536
GF2_PMS2_E116.0_N39.1_20170302_L1A0002214760-MSS2_761.png,6912,1280,7424,1792
GF2_PMS2_E116.0_N39.1_20170302_L1A0002214760-MSS2_762.png,6912,1536,7424,2048
GF2_PMS2_E116.0_N39.1_20170302_L1A0002214760-MSS2_763.png,6912,1792,7424,2304
GF2_PMS2_E116.0_N39.1_20170302_L1A0002214760-MSS2_764.png,6912,2048,7424,2560
GF2_PMS2_E116.0_N39.1_20170302_L1A0002214760-MSS2_765.png,6912,2304,7424,2816
GF2_PMS2_E116.0_N39.1_20170302_L1A0002214760-MSS2_766.png,6912,2560,7424,3072
GF2_PMS2_E116.0_N39.1_20170302_L1A0002214760-MSS2_767.png,6912,2816,7424,3328
GF2_PMS2_E116.0_N39.1_20170302_L1A0002214760-MSS2_768.png,6912,3072,7424,3584
GF2_PMS2_E116.0_N39.1_20170302_L1A0002214760-MSS2_769.png,6912,3328,7424,3840
GF2_PMS2_E116.0_N39.1_20170302_L1A0002214760-MSS2_770.png,6912,3584,7424,4096
GF2_PMS2_E116.0_N39.1_20170302_L1A0002214760-MSS2_771.png,6912,3840,7424,4352
GF2_PMS2_E116.0_N39.1_20170302_L1A0002214760-MSS2_772.png,6912,4096,7424,4608
GF2_PMS2_E116.0_N39.1_20170302_L1A0002214760-MSS2_773.png,6912,4352,7424,4864
GF2_PMS2_E116.0_N39.1_20170302_L1A0002214760-MSS2_774.png,6912,4608,7424,5120
GF2_PMS2_E116.0_N39.1_20170302_L1A0002214760-MSS2_775.png,6912,4864,7424,5376
GF2_PMS2_E116.0_N39.1_20170302_L1A0002214760-MSS2_776.png,6912,5120,7424,5632
GF2_PMS2_E116.0_N39.1_20170302_L1A0002214760-MSS2_777.png,6912,5376,7424,5888
GF2_PMS2_E116.0_N39.1_20170302_L1A0002214760-MSS2_778.png,6912,5632,7424,6144
GF2_PMS2_E116.0_N39.1_20170302_L1A0002214760-MSS2_779.png,6912,5888,7424,6400
GF2_PMS2_E116.0_N39.1_20170302_L1A0002214760-MSS2_780.png,6912,6144,7424,6656
GF2_PMS2_E116.0_N39.1_20170302_L1A0002214760-MSS2_781.png,6912,6400,7424,6912
GF2_PMS2_E116.0_N39.1_20170302_L1A0002214760-MSS2_782.png,6912,6656,7424,7168
GF2_PMS2_E116.0_N39.1_20170302_L1A0002214760-MSS2_783.png,6912,6912,7424,7424
GF2_PMS2_E116.0_N39.1_20170302_L1A0002214760-MSS2_784.png,7168,0,7680,512
GF2_PMS2_E116.0_N39.1_20170302_L1A0002214760-MSS2_785.png,7168,256,7680,768
GF2_PMS2_E116.0_N39.1_20170302_L1A0002214760-MSS2_786.png,7168,512,7680,1024
GF2_PMS2_E116.0_N39.1_20170302_L1A0002214760-MSS2_787.png,7168,768,7680,1280
GF2_PMS2_E116.0_N39.1_20170302_L1A0002214760-MSS2_788.png,7168,1024,7680,1536
GF2_PMS2_E116.0_N39.1_20170302_L1A0002214760-MSS2_789.png,7168,1280,7680,1792
GF2_PMS2_E116.0_N39.1_20170302_L1A0002214760-MSS2_790.png,7168,1536,7680,2048
GF2_PMS2_E116.0_N39.1_20170302_L1A0002214760-MSS2_791.png,7168,1792,7680,2304
GF2_PMS2_E116.0_N39.1_20170302_L1A0002214760-MSS2_792.png,7168,2048,7680,2560
GF2_PMS2_E116.0_N39.1_20170302_L1A0002214760-MSS2_793.png,7168,2304,7680,2816
GF2_PMS2_E116.0_N39.1_20170302_L1A0002214760-MSS2_794.png,7168,2560,7680,3072
GF2_PMS2_E116.0_N39.1_20170302_L1A0002214760-MSS2_795.png,7168,2816,7680,3328
GF2_PMS2_E116.0_N39.1_20170302_L1A0002214760-MSS2_796.png,7168,3072,7680,3584
GF2_PMS2_E116.0_N39.1_20170302_L1A0002214760-MSS2_797.png,7168,3328,7680,3840
GF2_PMS2_E116.0_N39.1_20170302_L1A0002214760-MSS2_798.png,7168,3584,7680,4096
GF2_PMS2_E116.0_N39.1_20170302_L1A0002214760-MSS2_799.png,7168,3840,7680,4352
GF2_PMS2_E116.0_N39.1_20170302_L1A0002214760-MSS2_800.png,7168,4096,7680,4608
GF2_PMS2_E116.0_N39.1_20170302_L1A0002214760-MSS2_801.png,7168,4352,7680,4864
GF2_PMS2_E116.0_N39.1_20170302_L1A0002214760-MSS2_802.png,7168,4608,7680,5120
GF2_PMS2_E116.0_N39.1_20170302_L1A0002214760-MSS2_803.png,7168,4864,7680,5376
GF2_PMS2_E116.0_N39.1_20170302_L1A0002214760-MSS2_804.png,7168,5120,7680,5632
GF2_PMS2_E116.0_N39.1_20170302_L1A0002214760-MSS2_805.png,7168,5376,7680,5888
GF2_PMS2_E116.0_N39.1_20170302_L1A0002214760-MSS2_806.png,7168,5632,7680,6144
GF2_PMS2_E116.0_N39.1_20170302_L1A0002214760-MSS2_807.png,7168,5888,7680,6400
GF2_PMS2_E116.0_N39.1_20170302_L1A0002214760-MSS2_808.png,7168,6144,7680,6656
GF2_PMS2_E116.0_N39.1_20170302_L1A0002214760-MSS2_809.png,7168,6400,7680,6912
GF2_PMS2_E116.0_N39.1_20170302_L1A0002214760-MSS2_810.png,7168,6656,7680,7168
GF2_PMS2_E116.0_N39.1_20170302_L1A0002214760-MSS2_811.png,7168,6912,7680,7424
